epoch,accuracy,loss,val_accuracy,val_loss
0,0.064020536839962,3.523130416870117,0.1350596845149994,3.037959575653076
1,0.36416229605674744,2.15932297706604,0.6221941113471985,1.1729661226272583
2,0.7297038435935974,0.8127902746200562,0.8082398772239685,0.5592317581176758
3,0.8563273549079895,0.4196670353412628,0.8542340397834778,0.44926923513412476
4,0.8969771265983582,0.306170791387558,0.8939555883407593,0.30928248167037964
