epoch,accuracy,loss,val_accuracy,val_loss
0,0.42278072237968445,2.237358331680298,0.678894579410553,1.01266348361969
1,0.8059844374656677,0.5981453657150269,0.8529039621353149,0.45064887404441833
2,0.9053676128387451,0.2881893515586853,0.910359799861908,0.28275761008262634
3,0.9362093210220337,0.1920391172170639,0.9130198955535889,0.3123963475227356
4,0.9485843181610107,0.15559794008731842,0.9088162183761597,0.3359103500843048
